x,y,z,type,volume
-269.0998128290803,-47.044379828445074,0,granulosa,421.1550809723521
233.48329994282824,-41.022333902972434,0,granulosa,1426.9065710796297
-284.65370213644394,-107.57235271004623,0,granulosa,799.6515428430483
-127.43763189338867,-60.87171877997437,0,granulosa,707.9626763526664
287.9651472043463,-55.04872802987107,0,granulosa,334.4857346723358
-181.36052523739698,-43.4958132021023,0,granulosa,475.32422790492075
-93.82956860611824,-89.18038790793673,0,granulosa,989.5998824536912
77.45787161919634,56.94502415515319,0,granulosa,384.6132837284399
119.25237352845511,-42.76226546993297,0,granulosa,287.1871255058635
234.7479226349178,97.67554517946911,0,granulosa,701.527440546249
91.95889176431126,20.18125167690974,0,granulosa,371.24479199806774
-170.50668018261294,-50.74895382051123,0,granulosa,853.8954598860843
194.04454156787676,55.55022685062565,0,granulosa,767.354537433102
-200.67823940936802,-99.95787776856193,0,granulosa,719.5675337618578
-147.926663935882,-50.29197934637129,0,granulosa,720.7681869728708
-42.61017591926657,97.23206142642414,0,granulosa,825.3493504218451
-13.000383800982718,-112.69798073981379,0,granulosa,504.9563597126794
54.56495549132586,-102.3851206938006,0,granulosa,281.5616476976581
-248.40733127879128,-52.41843619728806,0,granulosa,471.7157818504532
15.487049312582315,-21.955385202470097,0,granulosa,1184.8561846685602
-198.04143451800988,100.52407573541265,0,granulosa,1185.9242851377894
-278.86170153891345,-134.39726043737264,0,granulosa,320.11856133478375
73.52932576296178,-98.2700955568579,0,granulosa,458.00587949002374
-90.5439956560623,107.85394309538987,0,granulosa,551.6293370510025
96.00543071090624,-69.35506727890078,0,granulosa,527.6252004157838
269.1751252171275,-85.66182530301462,0,granulosa,927.9317895772577
31.18170942019816,39.83893749612264,0,granulosa,1153.9185209139005
-243.9913710996739,94.89901389415567,0,granulosa,1029.7875243295284
223.23414803816445,94.84526139487375,0,granulosa,1040.5525557259336
-182.93365777002583,-115.75536258837893,0,granulosa,652.4393228194397
268.69519688753246,-41.20612189391822,0,granulosa,1273.8163341298289
244.86990686920558,-139.81891227820142,0,granulosa,1307.3423061354224
259.7530004883747,-59.32066649726944,0,granulosa,430.091497335999
-100.97214036914812,-21.508512889425845,0,granulosa,332.40797430080306
-170.56543150300644,76.2305083030189,0,granulosa,1145.8264023771721
6.080281414902174,62.99388454336986,0,granulosa,951.1836929043873
-152.7665250149907,22.59682091136409,0,granulosa,453.3775607802192
-97.39026713367412,46.03136486841666,0,granulosa,335.63187137194785
59.405940823094056,-50.566820887512094,0,granulosa,312.51719849566916
-173.85012983750872,-36.62745415933945,0,granulosa,592.0356628229915
-180.33252845212127,19.365790933089528,0,granulosa,1007.6666855392094
60.3752262123337,79.1149287076208,0,granulosa,948.1838121200209
-143.3747556002197,127.75211226308522,0,granulosa,744.9897332410311
-111.29923482093821,113.94402649648987,0,granulosa,1120.9735985086202
-264.54739900394645,62.23804059730108,0,granulosa,537.1926084441794
-179.112136993354,39.871994472045316,0,granulosa,1432.5553012994983
92.91249180737219,-36.682194030362155,0,granulosa,897.2576934746376
197.66005313149537,-20.392362290654262,0,granulosa,1370.7694006084014
-95.37501357565645,23.684271409060244,0,granulosa,403.84347070321496
-53.113377005619014,5.71705016244519,0,granulosa,717.2836940425473
-289.4538642059406,-129.40378237662833,0,granulosa,1033.6496440456963
-284.49674303200595,95.91925714002281,0,granulosa,1309.4525102032892
-174.75408464388047,57.8286605062288,0,granulosa,1418.8396499625014
-31.128890158712636,57.231614077237225,0,granulosa,308.64856188519127
-204.79747359161365,-69.8133152602431,0,granulosa,412.6018867732977
241.31814388527812,4.802572106709249,0,granulosa,562.3476667471076
-40.63685930183982,125.01274927542067,0,granulosa,778.1013278628101
-130.92520028237342,19.463233645584864,0,granulosa,892.1614236090616
-248.97776142515653,84.15649353108424,0,granulosa,995.9446008604114
75.29737441634802,113.16892698942968,0,granulosa,809.4704463001316
-210.8667926327339,143.2054340389596,0,granulosa,1032.095928949355
-67.36079323335576,101.24980051457959,0,granulosa,467.9238772660249
-70.94110807058067,-59.718808395737625,0,granulosa,469.62953237153533
-239.77204102681372,-111.09825167989331,0,granulosa,574.9850388786622
-79.08360282745554,88.28415543223124,0,granulosa,596.1089637961813
-19.32269140866896,-68.26119239958511,0,granulosa,392.6480265836186
-175.06205898440646,128.36008728781115,0,granulosa,738.9635904834463
273.6902018561682,47.545956938083975,0,granulosa,356.91886506383247
-100.22410251923222,32.65919306273693,0,granulosa,270.80486729675573
41.92777872937029,-141.6520496026905,0,granulosa,469.3320236256832
-118.75666540200177,-124.02905078021482,0,granulosa,342.21542015335814
-3.3608276900232568,-83.42256964690456,0,granulosa,419.98649725678075
-185.37412771187513,94.90728318378737,0,granulosa,274.63663655082223
-261.95819192331544,23.488176562539792,0,granulosa,1025.1308232894778
71.06491413539226,-58.37706175351714,0,granulosa,455.6259415152726
197.13136418991485,134.90379829090278,0,granulosa,377.83965049587374
271.5276062622287,-68.14501153779227,0,granulosa,1086.8916774147679
197.01075490851025,-137.51470595462501,0,granulosa,1069.6425398797276
-229.635688808084,31.994835603079053,0,granulosa,642.4546573654065
286.8893060292388,-8.56366104300858,0,granulosa,745.2747327034557
-198.79755925961248,87.40132041244141,0,granulosa,814.4328933675489
-132.43078953990718,87.72618130939605,0,granulosa,820.7339808786978
277.5357240213127,76.6704507830087,0,granulosa,811.9722652493574
-218.62610788766222,-33.63218541126162,0,granulosa,538.7646410958756
-108.72937707440451,52.81921090651113,0,granulosa,402.75864296158153
27.996621676135476,-65.52166955698996,0,granulosa,1141.5926289139127
-200.36217392245072,-31.57590915216801,0,granulosa,1143.233368331959
-58.61237479836069,-41.86976633890811,0,granulosa,1062.8759319075043
17.83108121594637,15.405359439791738,0,granulosa,1022.8243429660157
-180.6564645480317,-140.51429401350754,0,granulosa,1138.2935650130064
277.813443533895,-36.60212712869762,0,granulosa,521.5607341047837
-173.96255088432426,-130.62398790708716,0,granulosa,317.1644068763234
-240.9243925571934,14.45030562410247,0,granulosa,352.9077220353183
292.7575355863946,-44.64042381433684,0,granulosa,508.2174827250133
273.6674921663413,-94.91968229568153,0,granulosa,504.56208501341445
-286.610541018169,-93.18541990420806,0,granulosa,380.9333794958545
-293.93286801663885,-72.25885253582692,0,granulosa,463.1200953967635
51.78607760122719,125.43277643684809,0,granulosa,1017.7042101980184
247.914424536689,123.85523595736635,0,granulosa,330.0549053556299
-107.51395053547597,-65.2827478008395,0,granulosa,685.6018688922743
153.6609123176239,50.11541873963472,0,granulosa,907.4120544865335
159.88100257373384,24.707839410243366,0,granulosa,721.3020008716571
-146.65077897489263,88.84660333451359,0,granulosa,1435.8969343689073
-134.441857198613,-35.110198445435614,0,granulosa,712.8021970866943
-7.01826677916398,132.12091528883678,0,granulosa,285.8835415507922
165.86491348709933,89.73993257671006,0,granulosa,819.9657967082297
113.5461680607059,-54.12227196592876,0,granulosa,293.99989065076477
40.41981593818906,-75.3103707233174,0,granulosa,816.7718254136408
-60.36771401885625,-81.24520049557019,0,granulosa,1011.3129158021056
81.53428979917612,-68.2420865544584,0,granulosa,525.1880930671867
124.47373287987631,-142.07059260812605,0,granulosa,504.76971576297086
-99.5841833366647,10.546323893195051,0,granulosa,1326.912609179998
-58.935120613010724,42.301925554795474,0,granulosa,484.9886887004094
-160.39396935311746,-125.7768816606401,0,granulosa,522.5005553786243
-223.51968954212415,-73.10048587973972,0,granulosa,1162.8797506741873
153.90909384680282,111.22788814583646,0,granulosa,437.1807667982703
-92.25998197617366,-76.07341831342477,0,granulosa,630.3626349709828
-68.48507216186837,145.03626801534057,0,granulosa,360.4971687340631
256.18452613835996,87.48918644373202,0,granulosa,452.9341106851433
-89.99661246325695,-25.899830517580213,0,granulosa,834.3952531877655
145.30168337568534,7.893241797066452,0,granulosa,351.523368483666
86.04660570167346,107.50425518260079,0,granulosa,528.2892942441202
289.40426963682717,-126.98306927715424,0,granulosa,951.827625293753
30.808917523138348,-45.77024495560758,0,granulosa,378.62031023875767
-215.25793032052533,2.552439566703441,0,granulosa,470.7409613660797
163.1902789261677,3.140316429593611,0,granulosa,512.9664061113335
-103.49351205014761,-28.798091041568924,0,granulosa,474.6999687530048
17.394808920151945,-34.83155133831387,0,granulosa,835.0033654528497
94.26762885576147,-109.93649470643864,0,granulosa,343.98609178887506
-216.51364422088287,39.22232982889457,0,granulosa,467.1386636579833
200.36022183193228,41.062525854174254,0,granulosa,954.0271946986466
-48.42451052061901,-37.4696365121696,0,granulosa,328.9686352281534
-33.63600758962025,-125.29729420764282,0,granulosa,1267.298773813815
43.32724396510696,-22.416255960776382,0,granulosa,279.74109298953886
-68.41248976023778,-100.68419240749667,0,granulosa,1198.8871536150139
13.684811276284734,-142.14161288423503,0,granulosa,398.70959878010365
-237.48190054436736,106.68565764255766,0,granulosa,333.5286045693599
-91.85902092947521,-144.1080679073242,0,granulosa,375.63314848796887
-4.074235812022778,-26.57440251750559,0,granulosa,859.7157535448172
128.1802867692303,68.83167325520066,0,granulosa,1127.3187827136712
-243.69641842877928,70.38317378858022,0,granulosa,523.3074622302688
-230.43566340976162,1.268372575261509,0,granulosa,555.2711656736841
35.61900133585334,129.88560953006885,0,granulosa,472.7295898927399
-156.06148249104345,119.16907833392827,0,granulosa,787.7347832421531
-224.50933584114642,133.56549201502162,0,granulosa,1033.6700457661204
-119.5943199911199,-139.17541565478254,0,granulosa,421.09074670057447
195.42649959050817,-67.36635990955537,0,granulosa,453.0077239882645
70.86421755744539,-77.90749950789328,0,granulosa,1144.7179377923073
-209.73433198149542,80.5661987902821,0,granulosa,495.67119014117264
59.241840296416,-70.81406585650643,0,granulosa,399.64657004590606
40.56450266124358,27.21034511439487,0,granulosa,469.8327379568928
238.5105470762851,-107.09062791881517,0,granulosa,319.10749366851627
-184.4688110531403,136.0401804817621,0,granulosa,1112.7824876882494
50.18879232800191,-115.0716970254262,0,granulosa,692.6602927279281
129.84971468318872,83.15981943608168,0,granulosa,520.2669349444913
188.5403779832193,130.33485504853536,0,granulosa,441.1562953672035
186.06190769042405,120.47646885239709,0,granulosa,903.7868672099884
-190.28548247064356,-10.001595968470042,0,granulosa,737.8544682242565
7.20407134966257,-45.15544024571831,0,granulosa,928.9864825507453
158.64777849761907,-4.6986576197636225,0,granulosa,1152.3017962145163
223.77516648068445,20.0210959599697,0,granulosa,417.55898009356
231.70103264854333,-103.83606110868314,0,granulosa,324.61573873029835
89.02062241965518,139.82846723921102,0,granulosa,752.3893925949769
20.598997455418555,-107.48286079574851,0,granulosa,469.49847140610876
-1.7235037052072357,-7.423835976033956,0,granulosa,1392.7467037052231
280.2181356678366,106.39752144642847,0,granulosa,1221.9254101364224
-108.93976872619987,33.47109891133343,0,granulosa,776.6956989720592
238.8588049897752,-17.391025638655066,0,granulosa,456.09410221150256
-61.92535845418442,30.838376425984876,0,granulosa,424.676026166636
-213.1108885717632,-88.47488970128884,0,granulosa,309.86632431567983
45.94351161272783,-98.8946616526762,0,granulosa,1417.2713300758119
-38.2627960368755,27.40102745572733,0,granulosa,553.6059880516434
-31.339469038143648,130.48973668093873,0,granulosa,564.9483188597809
110.31966108862775,-18.32274719883756,0,granulosa,280.90787530499233
276.3593291570853,-7.420407064331357,0,granulosa,1175.041753859103
260.20191343926183,45.44609378735362,0,granulosa,698.4247353253137
-184.1881001207562,-31.214050726295056,0,granulosa,334.3450085269123
-154.53081453273995,-22.91953887322694,0,granulosa,609.6019597612354
-51.994143640249376,91.1537094277893,0,granulosa,1095.5708210552918
249.21936204021222,66.66859744283988,0,granulosa,1232.1978478672304
-223.25562335426218,-7.968833935434276,0,granulosa,520.3078826673669
-274.8770759201043,-3.16853115075142,0,granulosa,488.4892983966515
178.9882632148075,-76.80123414915508,0,granulosa,425.3659970394538
-218.51297407062577,-121.78512626860994,0,granulosa,669.0303005394238
270.51625460226705,-118.76387378375188,0,granulosa,792.3595916270422
292.43086055093465,134.767269702085,0,granulosa,442.97152868113926
15.321730062399695,62.14609405629278,0,granulosa,470.89859198843334
188.2356959696868,-31.85642623774649,0,granulosa,1073.13555725784
-288.6361506769017,-18.87895332317163,0,granulosa,678.9915304596736
168.1433402877189,-117.84938373981383,0,granulosa,837.8388267784227
179.03282696798203,17.140462458100103,0,granulosa,913.5415816256165
-198.3008483070861,72.71871394568876,0,granulosa,612.784640296334
107.07417007227468,-2.424433363083125,0,granulosa,328.92163478769925
217.95652042941742,44.23807475102052,0,granulosa,506.64379259100974
-26.28087430342896,95.8726413844293,0,granulosa,290.7933980504969
116.35717938937637,79.62321101355093,0,granulosa,365.6179356295392
163.37644623213947,53.291059729467094,0,granulosa,788.2209658613577
18.144076329465065,-88.51296042052297,0,granulosa,603.1533566092118
287.92582310904265,-20.714844794791333,0,granulosa,1205.1733423399928
35.13375287531824,-89.39332488545824,0,granulosa,533.6694693745028
261.1709865602903,-127.19221019226396,0,granulosa,288.61783907995687
251.89454622419032,-37.920980960772795,0,granulosa,1359.9491744974503
-40.56767781551656,-26.86418479319947,0,granulosa,352.92344721100454
95.25040775722971,1.9306544017514682,0,granulosa,640.550340916948
-143.15259068819327,-117.86078354242741,0,granulosa,1084.9220280231254
48.67603810239086,-126.20683433718929,0,granulosa,288.6496754167816
-260.06443279341045,-18.057140824618614,0,granulosa,374.8699664410713
25.52552544986719,142.49712433531477,0,granulosa,425.222825668141
-87.00837155723099,-126.25275902245332,0,granulosa,430.4731580542312
163.66988758476163,38.54605982337671,0,granulosa,408.4907388642933
-229.71019174273923,44.23698992781294,0,granulosa,317.6913023487031
3.4716973636802777,-116.94329243816142,0,granulosa,822.1950583623103
-51.59382495609191,75.6186258645437,0,granulosa,612.3432163301798
-138.43066191057557,-72.62195891434303,0,granulosa,470.1301569035026
203.49914934149712,23.34393938850917,0,granulosa,329.6005319275398
-78.25007432492507,62.93483106119979,0,granulosa,277.33743192524025
264.26213011612344,-98.94219798389116,0,granulosa,556.410583627197
220.7131033414954,-50.151610672418016,0,granulosa,1154.269023388827
-14.886958386097774,9.762011404554926,0,granulosa,325.19031159842524
-276.5568202495161,-86.08378523267831,0,granulosa,813.4246524802543
154.946933753392,-91.86393268409928,0,granulosa,1411.1235486438884
-32.30910799599991,-27.1861726607559,0,granulosa,594.1106761500237
285.5182091258064,-138.40958682812646,0,granulosa,768.6214068638384
290.174878559701,79.80281081483838,0,granulosa,1286.0269090915197
54.33150258714079,20.097278077653613,0,granulosa,735.0595852397789
-16.517447642093032,-45.8537012357836,0,granulosa,1042.735758867582
44.38372398684402,107.86779836135236,0,granulosa,440.43342024522553
-125.9144432914826,-49.80097863327619,0,granulosa,957.3665144891107
252.8932020081363,107.74180807780272,0,granulosa,712.0666441818292
109.28965466774508,106.76148533830604,0,granulosa,1421.808557496024
-221.77724352160556,93.21050262920991,0,granulosa,268.45360793682113
-229.30005507494553,-129.57030190772733,0,granulosa,804.9412643446622
232.10209856987478,68.73845162923135,0,granulosa,436.189123489482
129.37272562534264,25.045748016955656,0,granulosa,934.4187997668827
21.667451309106696,71.59462068698429,0,granulosa,270.81485982527136
-141.43055916088488,-92.73195073109717,0,granulosa,511.9885746932126
176.66616226698568,43.89349905927705,0,granulosa,1089.6001143479784
-134.3531549712601,134.56710048795657,0,granulosa,430.5127031123806
-48.39353442032021,-6.928533086576806,0,granulosa,1023.5585762768648
-23.17064024989793,108.08359011330509,0,granulosa,422.8848327717845
-143.98003714278892,55.752807507665665,0,granulosa,563.9770450890852
54.279721867260776,96.73451501469123,0,granulosa,1136.455230334027
141.39239270893654,61.70143146901913,0,granulosa,321.5252333429984
-13.323183863568374,-76.46802658146609,0,granulosa,288.82819029137295
-187.37591938674092,119.19369186588875,0,granulosa,841.6255680264168
183.97481728169976,-60.30026656288126,0,granulosa,1387.04572554201
83.31311559565717,35.37794229171547,0,granulosa,306.81575668745745
-240.37448097650184,-45.82170416986261,0,granulosa,636.4016436683205
182.97053301773667,-111.89208194098151,0,granulosa,554.718529889627
230.3528236994266,38.72744413029733,0,granulosa,308.2745934668824
-112.42952797054076,21.606001467219812,0,granulosa,405.6361117024434
63.83993859825409,-99.61832660054759,0,granulosa,316.2623643206956
19.52793241138926,93.02435398827694,0,granulosa,812.0534562143828
121.62014837345612,11.955962545517394,0,granulosa,1111.7655168524777
246.50563008589734,135.29089468512507,0,granulosa,1090.3142316133806
161.57215942225673,106.05111706539532,0,granulosa,484.04215014391775
-24.909349858402493,69.50550703704363,0,granulosa,919.6339471260242
71.06106197296566,131.9133475626183,0,granulosa,554.4611552725277
-167.8922469710936,100.42737976341911,0,granulosa,276.66318623045487
-89.62526074661372,119.26642691459892,0,granulosa,727.952811711713
105.48761727249286,117.00036062425414,0,granulosa,318.1319425414811
106.97214453836068,-75.72070256641314,0,granulosa,346.5644564835776
-15.938430832392612,-129.26694936838936,0,granulosa,456.0361866232402
-119.68776691533756,44.583257641895415,0,granulosa,1357.9239871916884
279.5056015923192,91.09659939173872,0,granulosa,702.5913730080085
-96.00543333682029,-34.796641210933856,0,granulosa,1203.4798851694334
-45.885038518470054,-77.5913694578195,0,granulosa,531.4917034469743
-279.1101840823645,-39.784563194611025,0,granulosa,1326.841927079496
-210.77108939604167,92.14645026351903,0,granulosa,489.7800705792088
206.88662510773588,13.701134635894789,0,granulosa,918.2079870490797
-157.1264686842971,-113.93307770455371,0,granulosa,379.75844530071987
192.70413136373963,31.61787594161271,0,granulosa,656.4498102317507
-188.42150890040938,-52.803291454912,0,granulosa,281.17123012262914
241.88713639930654,39.18012554256751,0,granulosa,1308.01617758261
238.1957150354092,80.75352701588253,0,granulosa,301.49484726020364
10.228174001189757,89.84933854108152,0,granulosa,1282.58146401363
-156.64217102204128,-139.50996198334192,0,granulosa,864.2475147262527
257.57340130372825,137.07019585531327,0,granulosa,349.94494099589434
138.5786292746842,-138.7541527271932,0,granulosa,1181.0334952635767
-64.05100724449142,-89.88336414553018,0,granulosa,344.7404028598834
128.72497656729087,-129.7822842561383,0,granulosa,1321.8088843366718
139.2902115219191,-55.94096485888565,0,granulosa,399.8634145177474
-167.3471721726961,67.33602534316236,0,granulosa,845.5640978719871
77.61587333023164,-3.490636236265516,0,granulosa,807.7739050579564
-141.31167083106666,-16.064726240563203,0,granulosa,354.8218365384718
28.054123853560895,-29.169143393985266,0,granulosa,532.7128582540264
169.04942330103893,33.21360769573192,0,granulosa,313.3138236603123
-152.90108223249536,50.26147244381875,0,granulosa,271.1914456345744
175.84541295977522,107.96485217509587,0,granulosa,319.27485596815865
-94.44343111494501,-15.42086638527249,0,granulosa,796.1494597651784
110.31074941837437,29.553584074576435,0,granulosa,341.4407475546213
-294.11467540898224,121.09073951487397,0,granulosa,671.2602062234433
150.05140035228527,-12.710810684738874,0,granulosa,409.46574154204507
-155.6170611446683,39.27737371313222,0,granulosa,1425.7674044418598
109.06917112831258,-62.835453215205675,0,granulosa,492.0517233851791
121.73857979643685,111.28196868509428,0,granulosa,1351.4569849482589
-134.0618480348547,-12.936245425525954,0,granulosa,401.13195730841676
187.0504522733371,-8.651856907494022,0,granulosa,411.73591190651945
209.18037954956412,-69.62473551482967,0,granulosa,321.7853435612136
-276.3404517839966,89.84302460329553,0,granulosa,743.0871463054511
-143.42539017615815,32.80724873797101,0,granulosa,1181.4519375353948
68.95076704799601,72.8655333544958,0,granulosa,354.37592628575516
137.1888657117433,-121.49853127137459,0,granulosa,633.536571120528
188.2169550908834,104.97772669543295,0,granulosa,332.7940241727688
-254.44643463763282,70.99530600902946,0,granulosa,488.6594892914476
-267.2217811023925,-29.586605044594606,0,granulosa,577.1245560354862
-28.550507958210744,4.741788135939288,0,granulosa,352.20426249299715
-152.8950714997704,111.18822954289914,0,granulosa,471.88945413171933
-148.3292200139868,-130.99844058453283,0,granulosa,561.2665794293167
-87.83233165935971,59.41391921503606,0,granulosa,540.6892758988706
132.6175882255016,-90.02558242541814,0,granulosa,398.85790408941386
-14.186160539482728,71.92058498732362,0,granulosa,273.4219919547496
277.39889195574995,-57.74063966736507,0,granulosa,431.4982671609078
103.9335249487034,90.8729722206397,0,granulosa,891.1911855440786
233.0130130935638,86.01153426513139,0,granulosa,493.55117164877277
59.131610145228706,-87.39750830155606,0,granulosa,565.4066944105788
-238.70151927750763,-130.87807021436794,0,granulosa,396.63050797605837
-19.928577774591588,-36.678757476342625,0,granulosa,338.6157241841671
234.3807448952565,138.5435781269377,0,granulosa,849.206521479215
-49.91457808775459,-44.30690980829179,0,granulosa,431.4918500610825
210.7759143880242,-88.86153074500655,0,granulosa,414.03692047444173
-18.54934058479364,60.29593416745644,0,granulosa,1276.41388997601
-117.09849852715172,123.42937737856664,0,granulosa,420.1365240714147
-294.16752114635864,-101.18511199830884,0,granulosa,718.9140169634081
190.02291458107436,45.49767690030535,0,granulosa,456.3373558096464
-167.82066072024634,135.17724263277785,0,granulosa,733.8466036328687
-162.18556917859348,12.611183054821254,0,granulosa,272.1709460639317
104.43500923304663,141.77244855938784,0,granulosa,1110.5229410268478
265.5066017345051,138.2807684856059,0,granulosa,327.2562354212289
-113.16818330186612,-43.94145281934688,0,granulosa,429.399231241909
244.02766204166926,25.10424045949773,0,granulosa,977.9916628986226
0.8834965136321102,55.58515604495719,0,granulosa,277.2971708977748
-100.7099427930386,-49.959075029608314,0,granulosa,974.1601472598478
-82.70345551127673,-54.0639118803053,0,granulosa,932.4288406699642
-295.50525715971327,103.3336878684579,0,granulosa,353.53871018440884
273.1436895977164,123.8770933611051,0,granulosa,511.63992638802733
-205.29250707015498,1.6077248562466195,0,granulosa,281.21021952593264
86.75983922219808,-101.2449974303799,0,granulosa,866.0624310096941
117.17372001522779,-29.214323781291284,0,granulosa,808.1295977875458
257.04619832948765,59.211569896887454,0,granulosa,345.8038969303126
181.40390813883056,69.64423993708678,0,granulosa,393.03034984586463
-143.38558561228857,45.63979172058927,0,granulosa,280.7876213574122
-205.4423694576434,49.104084332407126,0,granulosa,338.89419906734656
215.69657062126544,71.70341487274007,0,granulosa,520.5213549288329
183.55944161065645,52.941067942324594,0,granulosa,1366.4633593447356
185.22707849215828,-23.272362213115883,0,granulosa,315.95432598087433
106.48070049170468,129.87573244100167,0,granulosa,509.3325595441393
-131.62419620372273,-123.56180759408473,0,granulosa,945.0260747732374
-201.5841070753164,-46.531204612123716,0,granulosa,594.795626165354
251.1457825213198,-60.85055976891002,0,granulosa,347.78385022214053
-154.76042795584803,-76.75100806330447,0,granulosa,342.7805716762809
-269.378476885368,41.9161965189121,0,granulosa,423.27447882318046
251.1354363160433,35.88982179318023,0,granulosa,295.4544856073578
45.560375554115296,-33.66677556584948,0,granulosa,705.6057608573608
-188.71487482824168,2.3980147780797836,0,granulosa,420.0755161730646
122.75403754520198,-117.32071352414927,0,granulosa,297.8436772841546
201.51978962008923,-84.19587752501803,0,granulosa,583.4297920932635
64.36956464184618,12.336945534914491,0,granulosa,428.31855990123114
-82.59841080503986,-17.646587015191415,0,granulosa,752.6978247252982
181.01313754645952,-127.64994629281144,0,granulosa,850.7622826911823
40.2464631621894,-3.926943385029432,0,granulosa,506.6358649587095
231.91893840088198,59.43363062858185,0,granulosa,268.8090930392005
82.45747780728271,97.22079001086564,0,granulosa,421.6141493044858
-268.2597856329448,-143.94379816076417,0,granulosa,443.88517661869315
208.2284551666395,-11.105671800127368,0,granulosa,1101.4133629436074
293.5898589578733,89.62136017570958,0,granulosa,571.2436836282383
-56.53030120340685,-105.21544236486471,0,granulosa,673.7076255243629
-185.70217574232822,29.093243652228978,0,granulosa,624.8105800625232
-280.90045863676954,145.5648875334333,0,granulosa,293.5578529898538
-99.5477041888397,-95.49747048033166,0,granulosa,304.6129802237572
-230.48331368287984,-85.8731644842691,0,granulosa,294.6710710877839
-136.4584553506939,11.722183672275179,0,granulosa,326.5164628935027
-43.38185028385817,58.41726570947327,0,granulosa,301.9108013073628
120.67745746651343,-106.85472435129073,0,granulosa,303.99445639443815
-258.7950060130663,112.09428406786424,0,granulosa,392.46264514913724
-62.07874655890103,-2.6902031089255445,0,granulosa,721.5172521505577
-53.132994966306114,-140.61641245676498,0,granulosa,396.62609466396395
-30.497854755744868,-75.89277713470281,0,granulosa,791.9082517215145
284.1994502194084,145.42339255193366,0,granulosa,321.9560095294074
-198.57749014912824,-138.23908516523227,0,granulosa,533.3983228336193
-287.3437793956748,-78.7634471501144,0,granulosa,315.8702968736634
123.42450297080228,-54.966346025496776,0,granulosa,447.9416630566446
292.3536248330663,-78.75360598269646,0,granulosa,811.4014612627576
38.942336627728594,139.63639038547313,0,granulosa,288.8483866804262
1.1704683883110647,-59.97541427989907,0,granulosa,288.75604125923456
258.59716318761093,128.19503907968186,0,granulosa,578.9112101878833
262.1208623732707,-21.643475667159265,0,granulosa,283.34616448148415
-114.49332771369365,95.23921388577651,0,granulosa,1048.8096909009707
247.1798696556441,114.25806333544551,0,granulosa,495.212237417915
-59.41037263555987,-71.79252100649282,0,granulosa,346.5545285166414
198.5744210364465,6.204878178216461,0,granulosa,380.52488999231883
-17.109520269046925,32.26947945143536,0,granulosa,310.7809707243774
-63.76719813571745,-55.03871824970274,0,granulosa,272.45253718582387
-4.805306141386325,-40.021300583999846,0,granulosa,514.0950107587722
-43.68238844338157,-129.96358554899672,0,granulosa,416.8234911264509
-152.08129321016312,-100.00380131289764,0,granulosa,549.4012494306915
153.18874183586655,5.160827510585619,0,granulosa,468.4671720404096
294.5578609494181,144.45152711125587,0,granulosa,379.8083244065637
-240.3079650611792,-90.8613045323075,0,granulosa,983.0359798583453
-194.92080452327625,-21.510154980228975,0,granulosa,1081.055092740312
186.91159817913507,-140.8385681666019,0,granulosa,399.94391015324396
168.03902997895204,-104.55772882380666,0,granulosa,489.8501268097532
145.68947300754235,45.36177552099119,0,granulosa,504.23421559034483
116.21301666318186,23.114187500984713,0,granulosa,640.8966163826774
275.4520802747752,4.041418134039219,0,granulosa,302.26300480687723
-14.39374744346486,42.5549354120331,0,granulosa,268.4802331524598
283.3821280668242,-63.146209665302194,0,granulosa,748.4927943155856
-197.92952554324052,-0.37707004064884586,0,granulosa,304.56123370988337
-228.19441782565096,105.70595847306492,0,granulosa,901.9237286983807
-220.07432285548518,110.7944484801709,0,granulosa,280.94622855373404
-22.49242691081065,-11.734686884798663,0,granulosa,427.1587474956088
72.45001208603446,103.086209547594,0,granulosa,295.8586057929902
-176.52310241984756,-80.36028345151473,0,granulosa,1275.9158138788794
121.28927314299693,-13.491918844959997,0,granulosa,372.6885885476902
118.32548869827576,-126.76741613124241,0,granulosa,874.3490482548893
-53.11455439254044,-87.94732872617674,0,granulosa,469.2222819840949
251.95305073843406,-78.58223961285304,0,granulosa,846.8575707333101
252.87752476851597,11.22914019883251,0,granulosa,303.71964049806
-287.52167141246093,-144.33582338549178,0,granulosa,284.3122755138444
-190.37607149867182,43.49902826424423,0,granulosa,584.0251628281782
-49.618664856939944,142.41849036162762,0,granulosa,674.4655563834154
217.214593490149,1.9891262922329815,0,granulosa,315.4958190495828
-88.77899840640976,13.203023960453748,0,granulosa,283.48615551176744
131.3797318102848,115.81771754584207,0,granulosa,276.1918453248143
-167.53212153462025,20.389589104878155,0,matrix,57.76736999637545216.6557214194254,135.31925403002424,0,matrix,120.36396672086833141.95336607414583,102.39509545223515,0,matrix,145.3108455168767105.27591123284435,34.636251313194066,0,matrix,65.34990891391351-258.8146868737034,136.21303068270788,0,matrix,58.36096176757021162.8587964792764,17.7791418470577,0,matrix,46.15651556681598221.70433327776732,-11.428224858254453,0,matrix,110.26124123349084-1.3630049422314414,-135.67313444060065,0,matrix,106.7156096383088551.61991375155918,70.29405589418948,0,matrix,112.7239141956843387.29979431773728,-10.594006020385876,0,matrix,136.63622421160903-156.54775185347614,136.50653071391298,0,matrix,117.38882054108798-208.00498564737774,117.00968028160099,0,matrix,67.63447097434913246.4344958727104,-126.76332708552312,0,matrix,49.566670798849614237.7173575783686,-27.30219744276171,0,matrix,51.93955784865522-11.59356344180668,-94.86073335181396,0,matrix,71.5277111043152240.96287592196984,111.51968031401776,0,matrix,70.556469027586996.1398396635284485,111.07509742309634,0,matrix,74.39152066106433-221.85578118853942,-109.0587831509144,0,matrix,44.1963161005709292.32350740316838,48.86475558070404,0,matrix,39.868605384682965223.93528247666563,-120.73210100259803,0,matrix,111.537022301851130.238645788793292,65.6515921699851,0,matrix,116.15636386185992-4.643980888512715,-128.7738425228236,0,matrix,87.23843476157776251.08930562913474,-105.51517490700343,0,matrix,88.51783647051735203.20355721121325,117.16718764479003,0,matrix,77.641510305282386.034750664961393,-94.47646173281268,0,matrix,44.96814890708202-59.968709026444856,80.01393048762878,0,matrix,110.51748039358274-122.94220443833632,141.96987889587882,0,matrix,83.36285282989415-117.08712635641442,-72.54059354167354,0,matrix,48.10505733308078-73.33357911290523,-114.43020596898802,0,matrix,127.986011353702881.10936866656658,25.358237251086138,0,matrix,69.7014815250167979.64485184676232,-40.827508649712925,0,matrix,84.94054082359054-232.50347089737784,-39.776378045614635,0,matrix,40.43990896980282-49.677832945311025,-102.34754901742089,0,matrix,71.16406315802574-293.8826590789126,69.84491117170788,0,matrix,91.3816106862388165.89440644198072,66.4283412488584,0,matrix,64.74571021573385262.28484497969,121.3943704189166,0,matrix,108.72068717868173-154.9592063502069,-10.851267850029302,0,matrix,40.42270104683805-154.46643379748167,64.33304880801677,0,matrix,86.20345276694013263.2502989594509,-5.420068863852009,0,matrix,112.10019065377257-232.95177190371794,81.52374025982738,0,matrix,113.25375733229237-113.18680331456403,-10.021041622794513,0,matrix,134.53758486668997-111.73797440759395,-58.180468296785264,0,matrix,45.231802444939184-226.9153611491496,119.2158129371258,0,matrix,91.33910980620938-110.68554554965701,-30.926666829644205,0,matrix,57.51075460092454-244.97204999929824,58.25976347110861,0,matrix,109.4830334706523-108.33439347751866,-128.71989751594418,0,matrix,131.78741782572635-294.1574006935461,34.515045393617925,0,matrix,116.46523855651036-131.52185371312117,67.83343869548506,0,matrix,109.20673265140043226.18720501258065,49.66244130432253,0,matrix,43.359372546001325-274.8505234210093,-18.882428672372157,0,matrix,40.02636111244975255.63178661124527,-112.25046321558958,0,matrix,60.0344660160109285.93057515222131,-57.99345475028042,0,matrix,39.3601720868158459.765587487117386,-146.0084723785049,0,matrix,113.26713349697782-77.56071703073718,45.20860481498485,0,matrix,80.98776886178236-78.75015044894863,33.260467433412515,0,matrix,91.885591332707657.66247149379291,108.18495330688069,0,matrix,78.72778149908866-250.25825268088016,43.96307768851929,0,matrix,45.24818540940107210.2875434814984,-111.44707282913465,0,matrix,39.6262811492246416.49357396354452,-80.51754886863411,0,matrix,45.152455232455736-120.34711972319369,69.6268809243349,0,matrix,48.043857671053836-81.78455770366847,4.633301626880893,0,matrix,58.538787562638916-216.80666620711122,25.23001892471467,0,matrix,59.134176540863253.615521965255766,-3.7419710602171676,0,matrix,117.31037700194442126.260884194693,-103.62619216918132,0,matrix,46.10676330196011292.9311918212926,121.95520445334733,0,matrix,116.58871794482815-20.921232994300112,18.352067015206075,0,matrix,53.2660434127196648.59376205256336,51.276601483406296,0,matrix,46.84493125125279286.6135768199716,34.74229964805548,0,matrix,72.75104590677533-164.69998857170015,-64.52387736134732,0,matrix,119.82133468377388271.0173560119016,-137.00612651700808,0,matrix,94.83036786160851-235.85808690576624,49.07677814628286,0,matrix,50.57611479519164-140.4278085606373,118.31083337932358,0,matrix,42.47011253264181-205.5577838255902,33.783168746080975,0,matrix,116.72130967170253-0.4083339234327923,138.3782601377111,0,matrix,96.8486763214295196.61286866690267,-118.64795262441416,0,matrix,76.4107648364173331.162093075115536,-7.829551345241072,0,matrix,129.84512673163968-101.98761481476072,128.4349641146474,0,matrix,144.1454501219989859.01824996365872,-133.04415765072747,0,matrix,88.35880919252791139.52725055263005,-75.1356987778397,0,matrix,105.84657675618466245.26037599150345,-84.59133199553422,0,matrix,41.580992207636136123.31251893103598,-89.17469580748408,0,matrix,142.97050190267007189.50294389981184,14.410455550514598,0,matrix,143.38915363130582-276.0236820823305,-69.38245417645234,0,matrix,83.4096049471031529.48973657732995,84.4249249419625,0,matrix,98.30059358737823-166.91363850494267,-82.72493852293798,0,matrix,71.7340603499344-243.19998413953246,38.052287807807716,0,matrix,49.462831806932044-50.6469952564579,30.83311826671823,0,matrix,113.91576826222983221.46970236022912,-131.4945307166293,0,matrix,145.3372493670419-231.07756789754063,-51.00860173665983,0,matrix,56.16242486205394140.56101321635077,-20.763644111931,0,matrix,127.0356222551224-246.96467317162399,141.73629798265495,0,matrix,84.33190671502689-194.17027174615896,126.8270952585828,0,matrix,53.60618885366298-33.434479946780584,104.91867206343656,0,matrix,39.51907389406429-18.357220492209763,120.17975741244209,0,matrix,54.44124730097095-239.34182100796005,-15.257645464399388,0,matrix,50.87924175626177-41.84678965822985,-139.98274179587824,0,matrix,51.33467598891265-37.16293862539817,142.3606906071454,0,matrix,126.90089195619291-296.10385143278944,-19.670251628406845,0,matrix,42.63007481425409493.79126069157888,101.167513582847,0,matrix,79.7802483327402-60.42483824989634,-137.24068483772854,0,matrix,84.87506302482905-281.8149471980173,6.021393201850998,0,matrix,67.07782317023806-265.75330709800727,2.763453871008096,0,matrix,58.638047483090254293.8967682640987,-6.394499387982563,0,matrix,71.83827034226101242.4816997452342,55.87377299596346,0,matrix,41.611071221571834-89.50990161698167,88.29401325585471,0,matrix,70.63401964488743104.98419019924916,-37.09333510254727,0,matrix,107.80516796053324231.18448250477024,-132.04101961039953,0,matrix,104.0961717324464-147.28132963321735,17.497908436195246,0,matrix,64.08437941150606-93.37513838371777,83.57245697976933,0,matrix,44.966356297360115171.61653981049187,-70.83713585703973,0,matrix,60.12307628963268512.700300340870967,3.4662746052249815,0,matrix,104.337194688285968.682776956607881,-129.463405212262,0,matrix,69.13897647386888197.69388742721026,-106.49979582248676,0,matrix,63.15858193264358229.35444296675087,117.86795473002252,0,matrix,43.029029724360524.581926278553624,-12.772856101373065,0,matrix,71.881042580244-137.23094224140357,-134.60132535134588,0,matrix,113.60922670171294-74.34741667394513,18.88001265747127,0,matrix,91.41613990295676-56.82597458775328,-25.246230807628137,0,matrix,119.6638752961625250.64284876746916,-68.02848526161341,0,matrix,59.54348978799606-215.49064230060722,-25.185498610952322,0,matrix,143.39848093619347-15.487371858853635,2.397175434810663,0,matrix,68.85378458204212-261.87108809525955,122.1602903352802,0,matrix,81.6867618327651271.96971098274594,38.16970301565027,0,matrix,110.7287555194536-194.50684520534776,-114.66700253322634,0,matrix,123.56015904107737265.20705797742494,77.32434857477384,0,matrix,63.18419242455473-13.099614282945083,98.86458459418915,0,matrix,53.548015052119474-89.62591636303529,-2.895973135062775,0,matrix,70.21879998214987-0.4640471169822149,121.75671626005186,0,matrix,146.37248149067824127.14146981956111,-35.15923317166643,0,matrix,128.26961794708984116.40302405768722,135.01713165541418,0,matrix,66.68498104339625-130.74397308950884,-89.39418560861517,0,matrix,91.313714428136-10.689196056132346,-3.2630113694331158,0,matrix,72.025887477666-86.74191360677261,34.841154940433086,0,matrix,73.82145547768934-190.60336634494865,-70.47126729115668,0,matrix,47.38710263860999201.77324137297245,58.375965579449854,0,matrix,126.6228947715598-253.7692305425169,-141.55071178676152,0,matrix,140.01809715917722138.6784138027852,40.42936499261245,0,matrix,104.37302870516459-252.95410842375884,111.65377562018676,0,matrix,57.66474195533014227.73915316358853,7.548452332450353,0,matrix,146.06544277131832-109.55665017346143,-144.07044796649976,0,matrix,80.99743868228109230.21631004882636,-68.20909790599875,0,matrix,72.80525291675718-277.9141702769575,-58.71468660485486,0,matrix,59.10831240749808-269.9839879302133,-97.42012213167311,0,matrix,96.0811524143781814.836256044651975,79.86613295718197,0,matrix,64.53499434744558-59.15864199018381,-52.35201763275023,0,matrix,47.17225034189139172.2034870184222,-34.64437872683544,0,matrix,99.61941459297002-265.32664746982294,-81.64988899077778,0,matrix,137.86562261875454-215.98112863212447,-58.91491175528567,0,matrix,143.3489576852106-183.70524839993607,107.41193187381145,0,matrix,84.36450338920734-109.89621709871687,132.28619299454215,0,matrix,90.24552660149872141.58093470253516,-100.87111585769846,0,matrix,63.279208951499726-86.55294661394151,99.68208507813716,0,matrix,62.6438497645355227.86234920341712,-84.89147745418767,0,matrix,136.83648703035124-109.2531485102879,0.26043834908173835,0,matrix,134.2701015241611619.019131920431562,-50.587324665488,0,matrix,79.67138611306605-120.69771061811502,-96.66196186493056,0,matrix,45.461105207008536178.44725791457898,-42.48765611135494,0,matrix,59.8949764920551427.268646794415986,-87.04961117286012,0,matrix,140.4586447191155-258.10468575778134,54.56427727123099,0,matrix,40.421074698556986189.08942560524486,88.24431756281709,0,matrix,149.2835212359945831.997983734174966,115.53442319158478,0,matrix,81.62865727144622128.531153117612,-19.482676266249996,0,matrix,67.2831191175032114.70800587670368,-8.529643589250185,0,matrix,41.6501819974615440.3394201763042,95.49591823690116,0,matrix,81.13249312102847-213.18788506435868,100.69635567053729,0,matrix,41.20556603823018191.0581352713661,-73.90507745871956,0,matrix,90.1497539221767-38.131738477745785,42.043182764692034,0,matrix,107.1094821014610884.42414308079475,-82.122506401579,0,matrix,117.79180788650551181.92208688633082,86.83594021348446,0,matrix,47.5898904508051684.69341062318307,-143.34758926294538,0,matrix,63.51361802056869-179.24120402384926,-1.991534413585498,0,matrix,54.074784156794585175.67267219212277,83.09119088492145,0,matrix,53.04757963387951514.69985243530067,25.403522865851556,0,matrix,55.79136267864285129.0648030034793,38.55746218082626,0,matrix,88.43180670235773-219.6884682370445,50.0637360918592,0,matrix,132.9286845210070993.70667170753654,-6.210148669229454,0,matrix,46.67680186732446165.3349397143424,-25.500688050941477,0,matrix,73.24491493917866-237.51785074146102,-0.5350259155508184,0,matrix,47.7623798006606494.56519235974656,-87.18372576217902,0,matrix,65.85986003141193-39.87000108109902,66.58944164332834,0,matrix,148.4520887376142137.04606081596535,125.85152706348168,0,matrix,103.79937019950592-277.5946878296975,76.10052458200056,0,matrix,40.141634799568585119.61604979650497,97.62747898432565,0,matrix,85.92287070945899-76.82787979885396,-82.12897660106675,0,matrix,81.4921553660199370.80192460608362,-122.08816043854601,0,matrix,148.7423964477089370.43922746716112,29.960703919031488,0,matrix,70.5597804841137988.66874526301984,88.77194622672596,0,matrix,77.1964560861147698.21808736207072,52.82912821026531,0,matrix,101.6709880344383123.50454558725187,131.26849549203848,0,matrix,76.61799552810994-14.069928012661649,140.56146792575674,0,matrix,133.0681826820135470.36377650247317,-26.706234313779106,0,matrix,110.46705997125339-247.41116104873316,6.96720306733576,0,matrix,38.49809975547518-64.99779086667664,128.5073436300358,0,matrix,148.8399929802209-220.00217601799088,64.94679341342666,0,matrix,76.69597532446208-40.43512534836185,0.34224308716667906,0,matrix,55.18871506039186-232.30174166719155,-61.75427779544387,0,matrix,86.36204594854141-27.525119096088872,-53.217600265846215,0,matrix,73.54151757310804-241.3659933502521,-69.22540944234493,0,matrix,67.87551158571367-214.19422509801265,-136.24997884382444,0,matrix,75.12005443008586156.664354534293,-63.1210919753313,0,matrix,117.05744818164621-167.59881753147616,-106.45264609104015,0,matrix,39.796928356922436-181.1284531956287,-88.74054110109901,0,matrix,42.54449951560008-47.92924397692943,43.73998456352797,0,matrix,49.21875824786296112.06625137145488,71.3759981109356,0,matrix,107.71706327616566200.40208405980945,78.63788260998479,0,matrix,100.36306645840216-256.7178196254862,-108.80592685474349,0,matrix,41.876099361683806286.1900565022238,51.43340152136187,0,matrix,70.30395177323219267.7853751510355,114.9338585626827,0,matrix,83.69617084543717160.3248675758847,-85.3824417006494,0,matrix,55.88173915936069-127.62304963221115,127.35377420577493,0,matrix,113.2535484416607268.3117958181316,7.180838378278054,0,matrix,68.1225224305368318.316451542416303,44.245457176607374,0,matrix,114.876122462936156.17970831278865,41.074184594022,0,matrix,57.03416601613671145.48250048928037,-42.32639619419709,0,matrix,117.18722150123574153.45813437435083,60.58962956754698,0,matrix,44.93287747123834-141.944078201214,0.39894018771317974,0,matrix,115.43003738406779205.32683334867335,-54.83791965782939,0,matrix,100.2936341792514-77.11010891436683,-138.63667014021297,0,matrix,47.25405981735896-273.9813665600522,117.696411065576,0,matrix,73.25333783616976-74.18279668221709,128.14301217616838,0,matrix,52.37521292670042-9.45570705598493,28.200928381912917,0,matrix,61.05804503348241-161.3253561118673,82.16531779528563,0,matrix,69.556274376337192.5167924458549464,-104.77874405383628,0,matrix,52.38938088299000451.540338708478714,-81.32880820083155,0,matrix,86.39026213171287219.7948305775176,-87.21071598015568,0,matrix,44.20883843621925-58.764723135949595,-14.379761268587913,0,matrix,117.59581292587853159.3759235749256,-107.28223156260248,0,matrix,113.3467684619733135.51938016592237,-63.78532651427169,0,matrix,53.4818249784566379.34995115184034,14.861225506275758,0,matrix,89.4092141357614732.7689438119362,-115.62427145475392,0,matrix,97.54659299968937-164.15163270903895,-96.72555427040382,0,matrix,70.92074429732348-277.87914063160304,33.16818504259618,0,matrix,125.0642352508202337.019957826845825,70.53711330125574,0,matrix,109.99098968016641166.56779601649447,-13.410467529148804,0,matrix,75.060247423242188.88433355414526,2.087385412170306,0,matrix,37.5807063493836772.05810986363025,-108.96180110100366,0,matrix,54.8921696106724235.44217881351256,29.27604544826056,0,matrix,50.2501452224153265.1987034640706,90.56124931180682,0,matrix,76.04049651683485-32.920745807802234,12.17734479803022,0,matrix,143.87500371465978-71.6026704256027,-14.694272877555306,0,matrix,78.1579947391072160.01990644720274,3.7805921839679684,0,matrix,41.8731967659810720.511908763180145,-114.98298578590521,0,matrix,83.43385073831568-182.6156944588223,-124.63378465367106,0,matrix,88.20081422848943-272.1678945348633,81.75672078769335,0,matrix,38.57432436487451-128.32480447620827,-137.81740544888703,0,matrix,61.00266701001361-80.07601657514522,-120.96398806168773,0,matrix,52.92582550220272283.2673978908223,-79.07937234094122,0,matrix,83.2154056983810825.617060005022324,51.06910151860703,0,matrix,42.73708339191481206.56034884636085,-126.94811379484673,0,matrix,131.19436705475493-285.58283282243303,56.54862706145434,0,matrix,65.51936783482415139.22948065941085,17.075856887280196,0,matrix,146.72614310895756-4.589247613120676,48.56263750245185,0,matrix,133.9657076344195-252.31193823029378,-89.46479435537924,0,matrix,101.58008950004417-146.47981280125143,138.00987709564515,0,matrix,122.9273198828810572.45384726576151,-131.13823951470556,0,matrix,42.31451942292575-138.3368419368998,-41.213528600308265,0,matrix,51.920716095271864-75.02004964139067,-7.80032601501469,0,matrix,64.31224342688651250.4791817095562,-14.396989241059401,0,matrix,59.612484679264654290.9224142008618,-35.745144008223505,0,matrix,46.488935639922246244.12353213512563,-63.8114153253828,0,matrix,88.731252804083431.44911798186763,12.578257440510356,0,matrix,40.2157702957973120.948161374633855,100.31453773418582,0,matrix,69.53665951344107103.48137058243015,-127.31530996091654,0,matrix,44.96795899773536690.35225728470914,-75.25029928365197,0,matrix,50.237513441877766-56.81158891988494,-119.32843602208527,0,matrix,57.61745914656996-25.02443708066494,84.51906794447783,0,matrix,46.443152236506975226.5989421540378,-145.5070380076196,0,matrix,69.78456647638133-103.492955089477,66.51452093415304,0,matrix,96.74801651195806-70.81816037990015,74.24051797077107,0,matrix,90.29851248149689167.13224759630106,-58.187799332690105,0,matrix,80.0532766095056-263.81589800229955,104.08474298700148,0,matrix,40.8128927116826943.54327084270102,7.01230918320158,0,matrix,75.3119467722584235.8250115514768,-112.4383518352407,0,matrix,37.78517519213654146.87049110314564,-111.62722643086676,0,matrix,115.05355855337415193.3359814366293,-126.0244958305351,0,matrix,51.08173334717126166.82125695944075,-83.24847459441757,0,matrix,56.90118876167297-248.4811701286017,-106.80123746058479,0,matrix,85.49979564923292-98.38339038011415,-121.88588067308956,0,matrix,106.64018919712385113.5624871759656,-143.75459214092155,0,matrix,64.27408936398157294.24739646960984,-66.06741964680677,0,matrix,118.27977740147585236.05589704844306,15.287641806282522,0,matrix,55.002472523846876-261.1208187554994,41.670377462482776,0,matrix,83.98183852507726254.9807063110079,5.219588925064841,0,matrix,54.8148036512802-3.4506108376842803,-68.81920236909696,0,matrix,119.73708645588337-121.188662760455,75.45713154982863,0,matrix,93.1830040070512555.966865916495976,55.39266558795549,0,matrix,134.6495393389137-133.94254680760858,40.14581058919575,0,matrix,114.60500068474207-55.193987098477294,22.443939893119193,0,matrix,141.309910811482182.8293614158757805,118.83129055038154,0,matrix,50.560769111305554-25.80125029568501,37.11845963471069,0,matrix,52.863563992386936-108.01784900802883,-109.32415628142931,0,matrix,122.12747501967164-45.51107794868517,116.67760812476149,0,matrix,76.66437672058353108.90597326869141,-131.57892531737417,0,matrix,145.69678166608233233.09710471647043,-12.485210165241938,0,matrix,109.16659653153978206.283321712987,69.3492714120739,0,matrix,58.92868762456365166.4210702928562,-131.71358110581502,0,matrix,142.13164400472044-204.7013020554549,-57.41904386323404,0,matrix,106.41225764202747-264.2886670445371,-112.71146724079483,0,matrix,55.1214699709540658.11598065681909,-8.510277795866614,0,matrix,123.70400082310542-289.5562619849111,-53.93013748166304,0,matrix,133.19113022124932-205.6587432029487,-107.22475769534404,0,matrix,58.4594552240607437.88214532495982,14.64369199097635,0,matrix,93.4593765291040565.20442449251436,92.64421473905585,0,matrix,88.7370488458357-265.95711504468176,-13.238791841251185,0,matrix,88.13156127819256-153.08590111780308,-1.7865421723084012,0,matrix,83.4658900617861434.20054176726228,-53.32434738542284,0,matrix,57.624933184187626144.78595822978025,127.1843687761725,0,matrix,37.5900996726227-43.75286129147685,-147.11581053667786,0,matrix,69.28346255816072-202.71910856240498,-143.89577652645062,0,matrix,67.31836923386997284.04810232702937,43.85982990387433,0,matrix,147.2342390333131-86.10235571837549,135.85465320404495,0,matrix,43.32587034886426197.16295593139563,-98.18626839691278,0,matrix,116.4450513644599669.06692949242938,5.964605510184697,0,matrix,63.0215601080307527.370415640603596,58.87542073385623,0,matrix,49.74888453607696-6.258508707978876,35.23392789694799,0,matrix,69.42730844548002279.7996585044291,18.891491110380514,0,matrix,112.04136847898306212.86532796457595,118.98073215137754,0,matrix,61.66338680980094218.18908843108284,22.8997584058487,0,matrix,59.30913765910743538.86574997532995,-116.76414260485069,0,matrix,50.57474152144145-132.00667166523533,-112.44156434053278,0,matrix,74.05550801616538206.7765840787315,94.8488412476245,0,matrix,121.42405706634212-271.2823002920532,137.79062257718653,0,matrix,90.1400335409230413.400259641578714,-62.17639983016829,0,matrix,52.45486728090095-20.372173603144347,-85.96352481863273,0,matrix,91.19405806173377101.6309173808371,-93.65340119023273,0,matrix,66.1829940988706290.88631533013734,31.21896527588504,0,matrix,84.7327455167387767.03118540093067,120.10541754573995,0,matrix,65.7311678207233732.02349633681814,-126.97336409552955,0,matrix,42.7058888663876-212.52244810591117,-80.38776278664926,0,matrix,78.45453234958596-109.11715312614479,12.78369672783947,0,matrix,68.51058901397377-254.00572167121223,-127.08911300797516,0,matrix,102.002454894564430.773182792512216,-98.49029418602015,0,matrix,46.6243419496787282.0411288257575,123.70296166558546,0,matrix,136.6468066329978-73.06797146872572,8.474260893830234,0,matrix,53.420989854515966285.23247700977447,63.234823093675175,0,matrix,126.27801045920128280.1465299107175,-109.76540119789627,0,matrix,140.4040514280739847.212010459349415,-57.9918663144863,0,matrix,143.5900622990053372.30398658661085,-42.66571314855244,0,matrix,62.16786485126691265.6639458837491,-9.90759809486832,0,matrix,57.51784032170261-221.1909792611733,-18.99030546921429,0,matrix,67.02184753993248-161.90488157224047,-28.619899723343707,0,matrix,127.38311740815536155.00343779460894,79.11390129096847,0,matrix,49.1564914909665-42.353124181226235,-106.06280082652032,0,matrix,70.63686905122192-32.94340248681664,-42.364656832940724,0,matrix,100.90001906163218135.5884658678138,138.3846831574163,0,matrix,104.73924893330539228.0044877405901,-95.46603019356783,0,matrix,60.00804758025635-235.1119303397554,139.07771264727745,0,matrix,103.1175913676735-273.7003858393969,109.79168533000171,0,matrix,70.90505932591556-138.3920762126439,-56.387183912542426,0,matrix,125.95097646006722-250.04320163185454,28.17259071235253,0,matrix,128.444660606674-6.113701928736873,108.70531873043984,0,matrix,138.5532377937282-201.253801949763,-82.0391677364709,0,matrix,145.7826930058128376.12352276484262,141.50177751491475,0,matrix,50.54358236946366-251.35844164035757,1.4897058040657214,0,matrix,110.5881592456898884.84316184572072,80.4796150561101,0,matrix,84.34609864061981-169.55702487559861,12.613603788620878,0,matrix,79.3984804702006220.185334549457934,-0.3876171980293748,0,matrix,93.35438845374301-258.6940244543214,-38.18922409193392,0,matrix,89.28215766777319220.05248057549034,-37.424314277078096,0,matrix,52.777180076849895-146.47587185225055,-109.84687484211298,0,matrix,65.720721712299327.305891064728314,-136.815565155074,0,matrix,38.390799403036538.269256551231763,-70.2748421893686,0,matrix,62.16703232533118252.23216498752038,-95.23357158091466,0,matrix,105.50854248794633-40.80326232390797,-88.26711667342238,0,matrix,115.35866124551028225.93079113669148,139.78156646051383,0,matrix,79.50562693171574125.94704817816887,103.16375843600716,0,matrix,75.65095583912061-137.71179769165417,-99.2428074012514,0,matrix,50.64232867833347298.0964576634972,-33.153681566305266,0,matrix,49.201085862437466-157.0261889605536,147.3069830489025,0,matrix,46.54628494422119-288.8356871726529,3.3572715218866165,0,matrix,121.43942951638222-27.717233003086733,-5.8550679369025715,0,matrix,132.11388618383913-219.46695940335553,18.580856858678743,0,matrix,121.89820180787004187.09736445713838,-1.1757298905433515,0,matrix,111.87399672168885-122.29722501976045,106.2674804882165,0,matrix,112.6426496668846-203.93946478416126,-9.913138076823373,0,matrix,86.00223593359641-295.67044829538924,-139.02340428181353,0,matrix,133.38370652642743-135.58102698052687,106.7170006573067,0,matrix,91.1783159376466130.93085839812716,-3.3258620320508783,0,matrix,78.2803856520767-287.1646956437704,111.65757841636537,0,matrix,146.77472472085242-176.1873059645059,83.55745817122786,0,matrix,58.36003271703742148.5130974467114,31.380859759966853,0,matrix,80.48176452228311-84.7276223608591,-36.705407015866896,0,matrix,114.77978199744135133.10128244730822,-47.39467311144901,0,matrix,113.01369619130035-122.98435905567925,8.984022189560022,0,matrix,61.17407279662855-126.73702248687638,31.922423915218303,0,matrix,43.575493005077185214.24010026337828,-25.464917622149912,0,matrix,97.69598624963535127.4793335277916,147.7856600233165,0,matrix,64.93755413744555-111.09765839914633,-92.34493326438252,0,matrix,83.07582211519295162.8069758677367,121.48698218490358,0,matrix,89.32181578618274-288.56755481753873,-37.53795200395841,0,matrix,82.87368247987835-235.34379125457832,-98.78818187929625,0,matrix,84.3310539365159220.26504045369745,61.146869451255526,0,matrix,91.46874020760721-223.65207673306114,-140.53235341632063,0,matrix,56.12306020509665-158.41850837077067,100.59410103729769,0,matrix,67.2940086126290745.09010314236423,63.86424115458266,0,matrix,42.90843891054599255.6523131021287,23.119239606363294,0,matrix,117.62174488882516-274.30251428616185,20.776974328832495,0,matrix,142.373184469478160.33922654697227017,99.75390836033142,0,matrix,62.468141353313534-131.3837478142404,119.72809546341239,0,matrix,57.686475446638866-70.21769324284662,-139.49176693127444,0,matrix,93.20126451417025-13.519816100716184,-104.66271605646023,0,matrix,84.34989497100435-205.41846051418372,14.464509332480645,0,matrix,64.32511158717364-167.40744510760084,36.154281331115016,0,matrix,112.52800363788575153.2591049635344,-31.220087541666743,0,matrix,78.43182392538789136.08546552624227,53.04337170509038,0,matrix,127.83085872449499203.232132557206,110.26435179354502,0,matrix,67.9913025086626878.94801585099356,124.93102644233721,0,matrix,82.58155941553218-104.41309430392346,75.79493065572984,0,matrix,135.84530599892804-228.07213150470216,57.6056189400862,0,matrix,100.54476516918055-249.681597822056,-18.557852508717048,0,matrix,137.62913494319737.2976073445624365,33.025369900362705,0,matrix,124.08897772651902116.63795753087373,-0.022671742665210104,0,matrix,60.40393377804637-28.937581709509345,-61.50324755426129,0,matrix,46.4992954623695105.88193875501315,64.01820950210708,0,matrix,142.97930249281234-84.69533945125806,-141.53654052518291,0,matrix,130.14437631003554292.03824484962365,109.63510016248387,0,matrix,64.7935715696845399.44912295948308,123.11603901134447,0,matrix,48.21592280127891-133.8040678428963,61.00973378658006,0,matrix,89.90326835817979-73.7272673897019,-127.7542175305773,0,matrix,100.23423999471741150.7175424312905,-131.16685836398256,0,matrix,75.0828137758851-237.09452497484796,-121.7317434848169,0,matrix,137.65087866977498103.15933108171515,10.10225195959245,0,matrix,58.77279507372986-275.43466744860785,102.086414637974,0,matrix,53.719491491445167.61237541009962,-17.840935711955694,0,matrix,74.59740539637826-273.303731663631,59.65627787367538,0,matrix,122.53479682802565-57.79872985042019,65.35435057412877,0,matrix,115.362710456489617.071024661777699,44.41709823743034,0,matrix,85.11277306200334246.7891527678995,-50.698524784077264,0,matrix,139.2059542774194411.380236517184471,122.61861411918699,0,matrix,49.845739182903436-113.86779607970198,57.06396985344725,0,matrix,77.70917377787876248.7090074629457,47.37862048864639,0,matrix,127.51181830157226140.7303960675228,121.18308264849998,0,matrix,52.66177929000589-55.41694337762314,127.28184568373837,0,matrix,130.94991353895176220.79656658434556,-74.04702910108573,0,matrix,37.467881738548634-1.3133826402299178,86.57926845339856,0,matrix,129.22110972325493-202.9025223433644,-124.0232541294954,0,matrix,100.10560220936135-143.20343896962763,-64.50113117033602,0,matrix,37.74988692475679121.3832350274455,61.2466407405698,0,matrix,108.04675161907878-192.74045996371245,-92.97236411824962,0,matrix,93.72077751333234-59.87408392767938,50.790561146520815,0,matrix,74.11656329754105116.69257682277726,47.81383548904532,0,matrix,149.1651152601933758.249530841982676,-26.63999991574167,0,matrix,50.848686542548464-107.79643550278811,-132.87731145225982,0,matrix,38.58956664152712-230.87308147893896,71.0117708892632,0,matrix,123.91236187147344-39.50297301233894,-18.916500817141383,0,matrix,46.5704752834819118.128574358353944,116.5016452835414,0,matrix,75.09255351482369-295.400453306548,9.92933627022353,0,matrix,68.53550312491237-209.84283647962826,27.188687610598322,0,matrix,71.0910772248772885.13329360612414,-119.67318300928429,0,matrix,116.7061048968751716.32720941670766,-124.52283422361357,0,matrix,145.061675018076-237.58025523183017,125.88217911329366,0,matrix,54.76324983022937190.6396284088786,-88.54776223203685,0,matrix,73.6237214012719463.544882453063565,-23.48455400246884,0,matrix,106.40934282838421-183.4872835767597,-105.2430858280241,0,matrix,117.4323933604151697.64950912498239,-57.2184324806549,0,matrix,63.991923662875585-15.033193431810218,-143.1501807751173,0,matrix,105.09528164393566-256.04666705970624,-26.950343126209674,0,matrix,44.28470596877365-40.80769398283314,-65.89125776380965,0,matrix,83.17245598684637-83.94013154348471,142.0078438033974,0,matrix,42.811073898692584-213.5224767658596,112.27228659558068,0,matrix,144.1281016186266-224.94805940051256,-91.50873406722484,0,matrix,77.0132738562906486.78141039192894,7.265082925092798,0,matrix,52.29458940181876211.03386443643438,140.26402614708888,0,matrix,50.655786871141544123.09348538609316,-67.69084365119417,0,matrix,60.2992447895711195.41104137260402,73.56297494809903,0,matrix,53.81811277587302-82.97329609252498,-67.10213370098784,0,matrix,72.70115969291732-115.32745972401094,-20.75936237822731,0,matrix,128.10389241676162204.4697375423413,-61.92657471894138,0,matrix,86.56390178875466292.63005386910015,-106.7992429029227,0,matrix,138.516300592178191.10770890379581,58.36070683958323,0,matrix,93.84713163579767218.37755684078923,105.28489200234634,0,matrix,67.8712839416181263.79074971998807,34.34557883758055,0,matrix,63.0178373013167113.5332382521413,-87.91896254203171,0,matrix,110.18151009607769-30.984792171668346,25.679172882088835,0,matrix,46.52370453282329-37.95183052153624,48.297725193974856,0,matrix,51.140189071589255147.78487752522517,140.531101102942,0,matrix,143.6821539292386458.50157195679384,132.3851788411988,0,matrix,76.71856468529596171.41635979641552,144.00038080075092,0,matrix,43.67303625635932209.7322643988719,1.4824243683096086,0,matrix,62.67223972572023-10.555167721820453,115.86253016908364,0,matrix,57.49727085041359176.07924868408094,-143.0440003559903,0,matrix,132.24672028259246183.1520041723685,31.300157089020445,0,matrix,93.77321899440304-6.611905036455369,14.55685555285612,0,matrix,111.58279225082241-8.841073108869637,-56.30006740972176,0,matrix,81.7114003270483430.50484140613787,22.768397378942097,0,matrix,90.01441401923873-98.1391664062219,108.81393780611717,0,matrix,41.714438100949-206.47420428118522,61.29446113703696,0,matrix,137.20751052497897118.23915831120496,-98.16910734347479,0,matrix,47.85670441228261162.46830251402378,-46.8548771742137,0,matrix,135.2831505103525-149.59229704511137,73.2575706976728,0,matrix,51.54035555562074-28.929755888008742,-114.38315793284258,0,matrix,54.610516361877536152.88062426925978,-124.95691355588018,0,matrix,44.227955292538574-86.68867677351179,-102.80142775630888,0,matrix,132.12878747151743202.90160286177053,146.15767636633984,0,matrix,128.24311074507804207.534510497444,133.4343510453176,0,matrix,118.9509456127714559.29852425324208,-113.75409007075555,0,matrix,127.9491843827643659.79529915451951,-39.59752225729859,0,matrix,78.39102970670531174.85116125671982,-24.546042640124128,0,matrix,54.78974443732719-54.968216368625406,112.12096315437122,0,matrix,148.36080762796954-256.74101993612214,-55.538765267205164,0,matrix,51.181707295982555-289.65882580029,-28.209672264638712,0,matrix,95.1338293618782141.27271053728464,-30.651704274798973,0,matrix,97.55768270792639-72.03926733570196,-46.82489584437491,0,matrix,144.6018952792444-190.77592675609947,62.85199289125606,0,matrix,65.2990473896846589.06808951206511,115.6865454272052,0,matrix,73.03091926446899-288.5787144847704,140.0274767502636,0,matrix,49.6298454030724-213.5749992752762,68.69267765506723,0,matrix,104.31770265647334-53.13305175100058,-63.39727354180194,0,matrix,87.61249780256452235.6674046629298,-70.57813696392941,0,matrix,54.91787298338529128.35733695925052,-75.81588992640215,0,matrix,119.0336575056886-181.35334247269276,-15.443999805827616,0,matrix,148.7222990708528254.45010791599964,-0.6503945937701587,0,matrix,62.037642407391616-263.53238289185083,-65.09098929820472,0,matrix,114.0288395911847-294.19648968555913,-8.316259325806215,0,matrix,61.14363026260773148.3097619017774,116.04217609282313,0,matrix,135.96120540378294141.40081407770145,-86.95359477036979,0,matrix,89.35916075222127265.0006971653346,106.04503476243417,0,matrix,44.83282798031037-104.03716902384784,-78.6275964684712,0,matrix,99.26647551163747292.4568158757853,54.036771842040395,0,matrix,81.62812125276483-69.22829277376138,54.168374123439406,0,matrix,53.555407127094625244.11082840825463,76.44477925744778,0,matrix,132.69783883612934-190.9843290825625,-76.41371568669697,0,matrix,133.33994210709508120.20592086916946,34.14388439482502,0,matrix,54.104748273859247.09812814789632,-25.321061542257468,0,matrix,51.58565185855971-196.92974084859435,24.823484319004848,0,matrix,110.36506092755458141.00469502949147,78.42162507335041,0,matrix,42.06081103026064564.15103870754444,52.20362339854202,0,matrix,96.4792849574337229.220829433678716,-18.04009611638878,0,matrix,131.62714391314586-103.34573462428565,110.8525481938039,0,matrix,38.711930081114565.859498407615376,75.64966370427737,0,matrix,125.59857161275279-101.79871981287275,52.99709293559968,0,matrix,55.16939873922829-225.41324527265368,98.00066084841208,0,matrix,62.7650723838197101.94662976010801,-30.122156680194777,0,matrix,78.75400624365642173.78214588654384,-83.1632224902226,0,matrix,106.61317069578793219.80694949834253,-26.223093629390334,0,matrix,72.00855071499659164.6408792172317,136.29140155622275,0,matrix,41.4380175356676-94.72444115675492,-68.43155643631965,0,matrix,143.7798851205321646.362513289725484,119.03364737591295,0,matrix,76.8672373129051213.3701694409616,51.9925647512963,0,matrix,75.84107007939322-149.56131509471058,-32.299619461674496,0,matrix,106.12360859061488-179.81218806203606,-59.98631904337978,0,matrix,84.0003291241440274.3689157307166,90.38794286835414,0,matrix,84.1160951647945-186.30410400903003,54.90099983228123,0,matrix,55.15098823758481208.29676607294334,33.78357516962669,0,matrix,97.4521000041852815.14976236932398,51.64828436953792,0,matrix,117.60058387905735210.60138171652306,-120.93122678089696,0,matrix,55.14160045171109-125.16897471986363,98.73270795904776,0,matrix,70.5706139919956268.2707303097003,-111.64296716025892,0,matrix,54.94649809998023243.509018030074,91.55308040840038,0,matrix,81.55641110564605-264.3014361083965,14.50679755729692,0,matrix,61.73307381099577-288.3188937129698,45.531783283519474,0,matrix,116.18316096785401-153.9078087693001,77.71993920719072,0,matrix,53.27776842475085100.5492799872809,-11.947540813268603,0,matrix,116.43461973410348-119.48718256641052,82.02160956662783,0,matrix,68.88414747663441293.4475672915877,15.516760008705234,0,matrix,61.43956260280605679.74194306233545,44.512250751566285,0,matrix,95.89637272341152-50.31756711267272,108.67568115134873,0,matrix,125.3220693335942265.8635787905339,58.59297681740247,0,matrix,78.18240103056094109.97295270480407,-139.80032469077065,0,matrix,84.57726772623653-259.2989235916939,-76.6590096401393,0,matrix,68.4388104137419-16.845971323981075,-31.129777403654614,0,matrix,64.53472079816814-126.99692817206278,-101.46392087868847,0,matrix,132.7494337328984-77.91817695006941,-70.81863545136315,0,matrix,62.61963543720048198.40504951539907,-40.51898350780955,0,matrix,81.4250803723178532.99555133883638,-140.67713975116638,0,matrix,70.29683415628476111.14875756699473,-116.60230725828801,0,matrix,71.398860611471178.08438615830556,-57.01465574953424,0,matrix,47.06926523863603134.42041982491702,-110.71770531640553,0,matrix,89.38429065404577139.0841987492534,29.334833114967296,0,matrix,75.08446241442662-286.1560372953949,22.07943225168907,0,matrix,60.898770768941496-31.780515113751107,116.38122631435584,0,matrix,91.76749602875331-252.23558720137737,-6.628417693130217,0,matrix,54.47153916275483-32.31885871733169,84.98630057185858,0,matrix,69.45279562425482211.94192022970083,-43.53684584629478,0,matrix,48.229710312877785166.72868884327494,114.32070175531908,0,matrix,40.47361484296087-115.26702877767326,-112.55612441407514,0,matrix,113.50016705722237-167.0421358524008,115.00472999234887,0,matrix,78.42199597001512-189.83220471981224,-131.71732834621878,0,matrix,59.48191780862663178.69106239323378,-96.5701967377857,0,matrix,128.14120993918527-186.11796554203806,-65.39869826032964,0,matrix,116.35761872346487-263.55398843280284,74.11289790689469,0,matrix,112.40579500123977-169.10214027755,-117.5173020153839,0,matrix,94.7085998415573336.06447887265364,-105.08748795920538,0,matrix,76.86363102456632-127.75070225361992,0.7243734416472591,0,matrix,61.14336954665984-10.50093549797191,-16.52948372223483,0,matrix,50.99429669742063-119.08655264913438,18.785286460426533,0,matrix,100.1389350310535275.4179896789591,32.10541796361653,0,matrix,51.40275466951582-249.08584704214206,121.78365048743723,0,matrix,56.52493503712289278.9547513471772,64.35486577572112,0,matrix,142.86582508862728216.23767769681592,89.94039709904007,0,matrix,137.92454858186795-245.05379390513505,-36.49225560444967,0,matrix,41.60625593644899-196.18228592105223,115.63199800050921,0,matrix,46.95193971014617-163.1703630000702,93.6722111634528,0,matrix,46.029379308494036-193.6437795875798,-106.09959600172178,0,matrix,113.65427392819619-206.32856977265982,-11.929815083601994,0,matrix,49.217523344409535266.58284876620496,-107.0527799561647,0,matrix,50.85075222377883-190.67082327665008,85.33741809048573,0,matrix,84.144530998022845.856324799942286,-30.776321435665665,0,matrix,55.29362284939236-165.29949688477083,-138.32577143480282,0,matrix,101.30175497971901155.22823743338034,134.88772462219947,0,matrix,41.675362968629635221.64889201425183,-110.66515533928754,0,matrix,128.947362541771104.48680305271785,48.62839166234414,0,matrix,59.548253774949515-248.6736698971955,-81.32721737324985,0,matrix,97.07730662432834-279.3620826221083,-120.61472599272147,0,matrix,72.49854207280138-103.64625505781902,-100.48246127383959,0,matrix,85.08728444061103229.1841719853661,-54.46476879632806,0,matrix,138.68819280778476149.1199249965356,-69.869329936069,0,matrix,96.48307175793704-171.8614396027416,-6.974329035674145,0,matrix,143.61216469685039-232.24123116743786,-142.9845626762603,0,matrix,54.17166644631542-172.04412971137717,-67.3526688495648,0,matrix,81.80957655697192-200.34581510814002,132.58920369509025,0,matrix,113.73649279439377-3.5589429002585575,-52.47029804179813,0,matrix,55.14490931082393271.61287149671057,136.78496951322592,0,matrix,117.46751334988961-263.18549003715054,-133.76032949230662,0,matrix,134.30299223402844256.06132183150635,-12.393184067506013,0,matrix,76.58006185415279-278.98550082419825,49.386034896249555,0,matrix,83.5124979869511-17.107023393707493,-120.36355088694938,0,matrix,95.48371471724185-69.57662239174752,33.54643335693578,0,matrix,146.8096551208914-295.7833745703567,-43.192206956531294,0,matrix,55.428099869895206-118.19554219242576,-83.65112695236064,0,matrix,73.3318582277196112.30578864319267,-11.719209878004648,0,matrix,41.26412060103915-252.44692708571694,49.91365514034612,0,matrix,41.81588615972585-161.9966957824601,-48.98612396295751,0,matrix,107.64367363331108260.75772237681633,-139.1126457638712,0,matrix,46.08663207625786152.52297929543823,68.23618620810936,0,matrix,104.13006988489835-97.81407384716144,-108.16690723060626,0,matrix,133.43543369678278125.14494699806835,-0.1261163817012232,0,matrix,70.7231877260312610.978132645380583,-103.30562935006787,0,matrix,55.23777826618066166.4645545463169,74.09772115311475,0,matrix,117.70084231022709-273.0396653983411,-139.24683407351324,0,matrix,53.840310335846944-29.190464578867932,-101.15772172971636,0,matrix,145.09550152981856268.8389951131669,22.43249541612917,0,matrix,77.1723660506568332.885230750625794,123.45488387689676,0,matrix,134.96790730524847101.80775030405857,-82.5260572228143,0,matrix,120.91343620916095111.78324482705028,38.404558235411514,0,matrix,65.128772529240818.182414635060184,28.388652009817065,0,matrix,102.65437342061495113.57166381109948,-104.14904597881826,0,matrix,84.47551649713301-141.57092301756146,105.05272603726411,0,matrix,43.19215879188358153.8506774442434,-139.06492282889383,0,matrix,56.9799845302509561.843040290669194,-12.438041951207168,0,matrix,62.970187525265946.39382183994968,-7.3421282354205175,0,matrix,68.8808417628077986.0332660463551,-27.758914634371237,0,matrix,38.13945947345829139.28543748397215,-2.886278922017226,0,matrix,50.479608749121134159.51751101534165,84.20648520757891,0,matrix,91.79599371773502-68.01328671812837,-25.00079921271805,0,matrix,38.977585438066846-143.34275720181773,69.08744204755223,0,matrix,45.49792859956864113.26758773443635,92.83361960897918,0,matrix,106.13020433668483173.786113870777,56.240630143528136,0,matrix,130.81200009340623-100.65929979040433,138.54562229552312,0,matrix,73.17106770483326-17.86019254532971,79.8378324628184,0,matrix,109.4177103569723862.135485118452834,-61.03905134452273,0,matrix,145.9806819412307621.82765243939633,85.28234959089639,0,matrix,46.44943922514205175.6607195493017,9.11760786732654,0,matrix,41.686991134818584-243.88143192825243,-58.83949071481925,0,matrix,49.83263494002968252.96434608098764,-50.7421917716226,0,matrix,62.295980912395706252.99729940904888,-126.3985158199709,0,matrix,72.3108998134369865.94067822273104,145.29395016899713,0,matrix,91.5339153362433201.90987898977,103.2284104692989,0,matrix,82.99303968589788189.00460517197502,73.01017590909657,0,matrix,60.92370348916554120.98767848899246,122.40218610835399,0,matrix,125.79696252788662-228.5142135751871,-103.73641295120859,0,matrix,44.1328836116945924.36971285070632,10.00255838205507,0,matrix,103.69690498895275216.40463114085856,-75.73765933222121,0,matrix,93.94209827324676-190.92788850453115,-39.21741839956316,0,matrix,77.4853287124351519.156067235038677,-69.35041748993794,0,matrix,50.9890505063581749.91588433781283,-135.2977355570523,0,matrix,105.32156659941144-184.39092385295203,84.09310822185503,0,matrix,120.27506327441904295.376526837907,62.434248144389215,0,matrix,80.39265291484014-91.0862857287214,74.3649233425663,0,matrix,67.24307078778129-265.97052730387975,141.0727063824093,0,matrix,43.43912391998468255.20370770031286,-87.44724458015563,0,matrix,87.9970965008832-282.7994520112323,132.3017329356382,0,matrix,97.18067603497926-251.90739755753617,128.7222529591018,0,matrix,86.5917166611490211.604891475611055,142.91316291080534,0,matrix,111.29168093157486135.42550503551098,88.95874846970699,0,matrix,78.76456656421931153.1615702656623,94.52874818648777,0,matrix,56.59669044163571-152.78832986111797,-86.87913819630145,0,matrix,68.50122182358034-247.82905207459058,104.09836140811109,0,matrix,114.63474359460466-289.5475605458395,81.29848027492801,0,matrix,95.62007862258373218.18745288855382,8.719085692530996,0,matrix,110.35524598265634155.53614576810003,-54.86195225655453,0,matrix,39.67937741787826124.45245284970457,139.44957707404672,0,matrix,92.41439303742135109.90106357390789,13.62339673223832,0,matrix,108.2362937721568378.48493842776679,-126.26672324395741,0,matrix,93.19432142132469-45.452352251572194,-94.36302898792069,0,matrix,61.40216048935023-191.61393798344622,145.34980300007356,0,matrix,62.61943402892337188.2679230389428,-46.72495117699002,0,matrix,58.89837746304077261.322210227608,98.07032001515651,0,matrix,52.5071301944114250.084616344305175,13.13607268927575,0,matrix,77.54725496650653-86.02347638328123,125.95710936582844,0,matrix,39.05327005504077-155.28832790381944,-60.186018541502875,0,matrix,91.6816708751404548.623422855372496,-45.861205399069604,0,matrix,60.90292172190372-170.17786718319502,-18.947541793086344,0,matrix,94.4132694159444-282.31237748976565,-141.43469362224656,0,matrix,70.990255209834833.2895071745268183,-23.431871685053565,0,matrix,135.9754252008499749.053016675746335,-19.745805009812898,0,matrix,59.44617867544587-246.53236703730792,-136.08586292834545,0,matrix,39.57223567817798288.09211498245713,4.498927357717662,0,matrix,123.74178821640407211.41899950671103,-140.66850329521222,0,matrix,66.39523785072433266.29506247199095,-53.43008308748706,0,matrix,60.5588680101936553.70662768857744,143.26775306097312,0,matrix,60.80491032234682248.24989334887528,-116.04751682193773,0,matrix,93.56541865048142-97.36319336123151,98.7026043862175,0,matrix,78.27448807253403191.98077325891342,144.6445233990093,0,matrix,48.62042243592852-247.98748986621464,11.206820863781388,0,matrix,43.256838954239754-22.753692615660555,-111.4310112571909,0,matrix,90.42931908764216221.87715594771043,109.95371639978828,0,matrix,147.5772887553294-136.34143377155272,77.9857280355366,0,matrix,57.77968200468897163.5440706877717,-36.82101310026928,0,matrix,64.6750664251937125.71555692198024,53.725069064990834,0,matrix,88.70325432942525214.4954898428258,79.29952855665772,0,matrix,140.67340640928344-209.16880174604302,-46.7279663797228,0,matrix,122.2940678822619748.61196919772976,141.55607120545403,0,matrix,62.2513069672957841.6805403345204,42.03808389692861,0,matrix,86.1016901748314-188.32748720787393,14.810399041277464,0,matrix,38.948328562656556-79.16689558505217,-93.11605818794501,0,matrix,58.911920138062634-35.20707095032799,-57.01268031918907,0,matrix,119.8048817906332-43.415688489389765,136.15628327682685,0,matrix,137.7995370956402-22.71948023365212,131.365293078384,0,matrix,91.97296247993816158.06546480933224,-20.11285451390239,0,matrix,115.57342481692092-39.97616305510843,82.26898842597728,0,matrix,60.16886650621026-47.33404293318614,-116.66339729610038,0,matrix,50.17173927103024-4.361382419667109,66.46705855405452,0,matrix,83.71511546459284172.3072277231987,-51.69901720316969,0,matrix,52.294000696067336160.83846382308656,-71.53916918738338,0,matrix,115.00731949468847-20.910951551109463,-18.20411796874771,0,matrix,111.27358685187018220.48940232294353,33.89019675634171,0,matrix,93.36650913028168-216.30175123004693,29.821579193801426,0,matrix,38.94663399456001100.06829752819925,105.25540123664175,0,matrix,86.69458764642341-126.1032398153184,56.03059680612532,0,matrix,38.907751188260576283.32480546835586,-96.22400527367142,0,matrix,72.4399383928024258.22478866847825,-68.43873337694141,0,matrix,115.40997975499894-294.28108338356236,18.027088222965517,0,matrix,55.484295496611864-286.57247347034104,66.29241124957832,0,matrix,132.3349004877699-64.26617951025554,114.75411731169947,0,matrix,108.85847621464823-23.10592586795906,-72.72645369668254,0,matrix,39.51462520760864-8.963718337147327,-86.36844488958604,0,matrix,63.82284957898606-259.58995195262526,-1.0683526525409945,0,matrix,78.71673096400703-241.74116602143843,-28.011136049318395,0,matrix,58.80123110135612-22.679653173482507,143.73509912818048,0,matrix,52.071901996178994100.39800956896335,-45.37175155176146,0,matrix,60.254562297311836174.8600354661897,126.5407688752025,0,matrix,128.55744846021938-28.282555840544205,-140.837908194308,0,matrix,74.29116541119396-97.02067334083773,-59.122476187539135,0,matrix,63.208706194063744282.4285530962445,132.32204956284085,0,matrix,41.6712224241556545.71800366469057,84.39088838910507,0,matrix,116.8212696902647776.52600419940211,-31.56675917330321,0,matrix,53.2513272370026100.53198638521445,66.90032930695088,0,matrix,39.139519844171915-274.60408767847036,-128.1961608253944,0,matrix,95.39697775810276-209.9079442305131,129.22299822668464,0,matrix,87.47997270424206208.5395743808338,-24.95206274220213,0,matrix,58.973638668160405-50.396414745046314,-22.860588387216893,0,matrix,81.90892541170042-80.50993807623735,103.27985198802656,0,matrix,56.507023605202455-192.70443603935314,-125.25070545767534,0,matrix,75.91967946028768-52.13189895312354,57.433936823489034,0,matrix,109.06026250023336224.8825674827915,-92.34295980574768,0,matrix,75.649359330280647.6525360560704,-88.62836081652608,0,matrix,55.92810251751251413.023694761894262,134.52210643978952,0,matrix,66.06230360546775201.47250656250662,127.32000540539775,0,matrix,103.3558273737751183.13429778899672,107.48372145445217,0,matrix,42.669660086993225-83.45232018698735,71.04795052506293,0,matrix,61.92856125094103-281.20804052912644,13.86459539698339,0,matrix,76.19652374719387-156.9864181674697,57.271239289460254,0,matrix,65.39993733677933129.8321556044275,-112.98542133673259,0,matrix,49.474572880065246-33.96614399955831,68.57971580418106,0,matrix,53.53266433572376638.18999120214272,87.969978124644,0,matrix,51.149070064840120.5106708185682578,24.31559238127423,0,matrix,70.7722933356890862.84563836575097,138.43958108327843,0,matrix,120.09591983456804293.85494677785425,99.89473581674136,0,matrix,54.81062166925881-123.95277335650297,-25.45087825842664,0,matrix,79.446071377511492.475308383958918,145.54766089968984,0,matrix,74.6653795501457685.82486761823748,-48.08229752908245,0,matrix,94.91565942531865-223.339200711851,-53.55372312364655,0,matrix,64.7074708537734733.55210390106731,143.28285409233365,0,matrix,102.69827917821429-230.46696816130515,-24.29622581328094,0,matrix,149.2227510369477847.92120993467461,38.46409791255755,0,matrix,68.06181352080422-169.35756545437565,88.61359025336984,0,matrix,100.06648487398779-174.81615058742884,145.50603189565498,0,matrix,63.059839893276056230.95286460050522,-23.30927120580391,0,matrix,43.881276381207655-217.10071802618933,-100.68941053259277,0,matrix,127.78853687927403-103.23584262147537,90.56954523704457,0,matrix,48.47282666395521237.79549592731973,125.95148927524622,0,matrix,81.61762513416255-271.28014655825086,-103.06113276351846,0,matrix,89.14884675288967-120.13679152351273,-35.082792279884416,0,matrix,103.43326047668648-55.672732033978036,-124.86561821720107,0,matrix,70.42251755325152-83.70325658236862,35.04108130975567,0,matrix,80.730770562813882.96907755455135,-131.20402435465647,0,matrix,86.07376706814433183.44552672322874,139.46257647488795,0,matrix,145.3705552590578883.63095092900045,68.02973899284868,0,matrix,64.31150586779894-210.20752420810234,-114.6647993836956,0,matrix,85.3893624394673284.7598387524106,24.417728280716858,0,matrix,70.31231338986869275.26987011286815,113.33387423560703,0,matrix,123.15465373691349291.45681827843816,-91.91469136621015,0,matrix,37.557901010865486-34.52561252469377,1.6786406774940872,0,matrix,45.45120087553213173.1979815280601,117.80531928888803,0,matrix,122.52070777232902-71.52805588522236,4.121090786266336,0,matrix,73.37274928038663174.76087697382195,95.97882291962054,0,matrix,91.2324039954369-294.81352258379496,54.95926859753442,0,matrix,114.67730419034928-87.81298131658485,-115.70624430251485,0,matrix,49.10155591814904-220.7392840069732,-44.14366504985348,0,matrix,97.88056924283909-45.96390264602647,-50.45259482885989,0,matrix,57.06881391316365280.11634345604375,-48.01169744235702,0,matrix,43.60365736318554-144.26353304429003,-43.308266318771516,0,matrix,63.008357689003425-218.90402234462243,121.40335646686572,0,matrix,125.25784900135365142.2523045210765,84.93365919055657,0,matrix,59.4407886517005875.522077579751,-90.3009263722406,0,matrix,87.81204340996932-100.66394143614744,-4.01023130707145,0,matrix,102.50849559803484-73.49361160665057,-30.28819208942305,0,matrix,72.74024772452356-86.26219284975633,22.209925980931075,0,matrix,90.77209602303687-294.7532799775287,-115.11227932172844,0,matrix,41.62326727887482-250.6500277494416,34.665073369415694,0,matrix,62.582426688522894242.58951429530316,-3.545506356468792,0,matrix,72.64823830177765-158.59754603447885,-47.55745835562679,0,matrix,73.7522970092206387.45432854335348,-113.46890731464717,0,matrix,49.796254426541765-92.16176995229571,32.885956641447365,0,matrix,95.5631313769491660.4582473049436,116.23458008130615,0,matrix,91.16275327472762-236.2282247258654,-24.425931623607468,0,matrix,76.3160546161142292.95632026964267,-134.81184162539427,0,matrix,71.56713540968086-131.25512019751824,-79.67939512144724,0,matrix,128.4244906982872235.34602422954765,-122.79147902553358,0,matrix,59.03817481063862-258.0648834922048,147.62923564744875,0,matrix,51.3281110453867.368891777766692,6.913909967713806,0,matrix,95.01287681488499-196.23257980927877,10.464302419064893,0,matrix,128.3285206323983-259.94655395021175,-100.35219405758698,0,matrix,140.2994929169437157.60836200027165,125.79948044923935,0,matrix,110.9699538798672.9055166103555,-13.787271655111368,0,matrix,57.59712043700636-175.0651181247909,-111.5692520052005,0,matrix,131.51315052733167223.28285184372874,130.0505140857842,0,matrix,55.382411019069934173.14487792233206,136.27130484675752,0,matrix,53.69694058379235-149.5864701341156,104.58529009914662,0,matrix,84.4295363518371313.606174217380953,-6.247027945415141,0,matrix,46.55262568771415-199.0609313093597,-68.51975205917691,0,matrix,49.98614491522905298.08386985272375,3.4379167602712357,0,matrix,67.4459709891663797.17746207881862,86.75323022646589,0,matrix,42.7935265739052-112.02691118820451,83.75427448827409,0,matrix,57.65056343914365-41.68075858820663,52.654834591648324,0,matrix,71.2560889511946293.4436005331494,29.34790503312928,0,matrix,41.98011631537478226.43949787697545,-77.05639065015771,0,matrix,120.90200007081228-50.851357985644654,17.229285827137033,0,matrix,51.84170458392241-27.296215404271038,-88.24635037835995,0,matrix,41.70827094792778-279.776283064638,-49.64714958719527,0,matrix,45.340643730883684200.27188740893558,-1.9090123490485382,0,matrix,41.2879880053696971.793058193045,81.58689244411477,0,matrix,55.44268092342926-35.69267998498333,-94.56770133491835,0,matrix,72.40339949656229169.16293947726666,-143.39385941898297,0,matrix,99.49346217057695270.09971703277665,-19.908642412029735,0,matrix,102.7937122540451-44.56070441964039,32.16588711022516,0,matrix,81.9379150297663420.36278683265749,121.86717988861687,0,matrix,143.7203040557990653.36794220690774,31.076299361787676,0,matrix,95.32706936877815119.63403109000427,-71.15953564028467,0,matrix,110.7983458885232438.26400735557388,51.46081829770063,0,matrix,93.40211348915501176.53449641200126,-105.1229839614612,0,matrix,37.79612592609538-131.9308821820939,47.84388160579985,0,matrix,52.17603468722246-219.9001175152241,82.98860163898584,0,matrix,64.86755661054718203.45186806799694,-99.29151797846396,0,matrix,87.35494610022656-141.14889501269866,-22.984606659609312,0,matrix,135.7125348848544-56.298055442530284,136.40099334832502,0,matrix,119.58173585339269260.33430221358105,82.61946627615214,0,matrix,44.88278285078456-62.856007434079345,93.5283323649119,0,matrix,91.29875181559805272.02398828243963,146.15197874503986,0,matrix,103.25600635539489-149.59803138696978,-123.38644078100806,0,matrix,38.28612692725828-179.31168849211588,95.43216267630086,0,matrix,127.79512428437788-212.56682251400593,-131.07703838138394,0,matrix,74.9805633247798222.614592852403575,32.20381460503452,0,matrix,45.3405837716044255.98252419078301,86.79861138168391,0,matrix,60.20732181166545237.27514917338783,-84.36544538337814,0,matrix,85.86819993520784231.21565840630126,24.6871158339913,0,matrix,97.99796812966552-211.91054888634122,-14.382097583845905,0,matrix,145.78509574670758210.08148184322056,122.25845256865404,0,matrix,92.36504746389114-198.32587855799892,59.51000260012651,0,matrix,85.470703459051519.832749358424564,-96.33538154608021,0,matrix,122.3002143078337280.6402345873771,-123.61426211921187,0,matrix,137.67504846408784-75.73589769886772,-107.25460013691833,0,matrix,71.25278018387793102.90616894222546,17.08263183939951,0,matrix,67.9183748239190199.89744408047846,28.79308808333954,0,matrix,42.040205623876176-225.29997107768057,10.204907486644089,0,matrix,74.13819942159293-70.02745963555222,25.338426896766066,0,matrix,67.0205915515781841.408665732560166,-42.60861595433276,0,matrix,56.98061500711791279.1037325650667,-28.68068774492339,0,matrix,53.755800257393055-95.12222523210016,141.96683686180916,0,matrix,73.87429948245571-143.8716841277442,-142.62276660200308,0,matrix,133.90768721889904-129.12230499942584,-8.153984269225248,0,matrix,52.37838010905551174.92637596370406,-11.975468211364017,0,matrix,75.51134855130097154.44337716629434,12.691960688219382,0,matrix,57.14800229095715293.72404321928605,-148.05987737245763,0,matrix,37.565713363040246-165.27398125920197,55.731254548473004,0,matrix,42.6895830935542969.86361202504548,64.52545220754936,0,matrix,75.49819222040344257.15003264184395,145.31756164626688,0,matrix,142.40519956156925-4.899834533223839,94.67174873652496,0,matrix,38.31071573040862462.34847517521462,109.09516055457902,0,matrix,56.645896730184035272.69036487269614,-146.02715038475438,0,matrix,127.89901737601389-284.4042607626301,-66.58599915664242,0,matrix,149.1070828214118-119.23321059200623,58.55468848285139,0,matrix,82.22949083346408204.13758638530084,-106.72155601258734,0,matrix,69.2377011127908984.27439614495518,-19.72640018328417,0,matrix,114.22195623427756230.7596533580362,146.86849730675192,0,matrix,66.93800422780542186.93090122786685,-82.92929633867642,0,matrix,102.69046915848041227.79125112194458,-140.74452617823474,0,matrix,78.5816517655084-26.316378382835012,-134.46930532113544,0,matrix,111.66494121583271106.59915357681524,-104.26890478224162,0,matrix,49.35779185984875-295.8536152794867,-58.88380475406446,0,matrix,86.0575204009627716.4835083126664,-135.60897866122997,0,matrix,62.28081527508676696.96184425650091,123.43879195050141,0,matrix,40.456999965404982.7339689298615895,-145.75621758817837,0,matrix,48.81452793630816-175.43120953972218,113.43021900408684,0,matrix,122.42867100891169-12.38857089613498,88.20349427805033,0,matrix,40.02983689602943-81.31953022354944,115.27388765617746,0,matrix,83.09546594277427-103.96072061461186,-88.0091920379543,0,matrix,80.9685811842414789.48676107886206,124.02163088789075,0,matrix,108.0801595617101586.24209271675454,48.72633826436754,0,matrix,56.23481845885836-63.879939437803245,68.18278593500128,0,matrix,70.0479106481389738.010715006307464,-131.73852454435752,0,matrix,101.7620629282341-197.84722759305703,37.39578607135408,0,matrix,126.2443915060674955.37337342704302,72.68845096781516,0,matrix,87.30141919469887199.03921557713107,84.62683315790125,0,matrix,100.49997197495561128.9022599730052,94.65259770905456,0,matrix,38.920307584314735-155.55737516620633,3.642136815890126,0,matrix,46.754149260325185-149.70173089878188,11.092867554519017,0,matrix,50.853100917307835228.34027963293977,76.64209972470022,0,matrix,47.037854035409715-46.866205155919516,-62.93420633664513,0,matrix,45.29243864918227142.3827374266657,92.18600581251636,0,matrix,59.829175065969736-251.25245078581167,-96.90324459617302,0,matrix,48.122223172675376105.86198900454076,-50.06570554231263,0,matrix,68.04229966319036-212.1954085218743,134.62869033283528,0,matrix,50.32654567714528-77.93528484751215,-41.6960881179769,0,matrix,114.23027310731747-49.756035659040464,103.58486909585392,0,matrix,122.995431520837207.4228242853701,54.43844808714704,0,matrix,72.16220925944623-141.5860496416635,-85.46628602550284,0,matrix,39.11292516439459-71.26548837700707,-81.24310650198792,0,matrix,67.810598368150695.882516713727057,-52.44498111686946,0,matrix,39.487420294804416